permission_count,operation,samples,median_ms,min_ms,max_ms,p25_ms,p75_ms,dispersion_note,mean_ms,stdev_ms,p95_ms,timed_region
3,vector_commit,1,1.267728,1.267728,1.267728,1.267728,1.267728,one sample: quartiles are degenerate and do not measure variability,1.267728,0.0,1.267728,vector commit call for the fixed L=3-coordinate content vector
3,identified_vc_sign,1,638.140256,638.140256,638.140256,638.140256,638.140256,one sample: quartiles are degenerate and do not measure variability,638.140256,0.0,638.140256,abs_sign call on the prebuilt identified VC representative and installed issuer attributes
3,identified_vc_verify,1,615.478052,615.478052,615.478052,615.478052,615.478052,one sample: quartiles are degenerate and do not measure variability,615.478052,0.0,615.478052,HolderService.receive_vc call on a credential with a signature returned by the immediately preceding timed sign operation; validates opening and VC ABS signature and stores the opening
3,vp_request_create,1,25.076863,25.076863,25.076863,25.076863,25.076863,one sample: quartiles are degenerate and do not measure variability,25.076863,0.0,25.076863,"HolderService.request_vp call; VC, opening, and target policy are already held"
3,vp_request_verify,1,28.474857,28.474857,28.474857,28.474857,28.474857,one sample: quartiles are degenerate and do not measure variability,28.474857,0.0,28.474857,"vp_check_request on a prebuilt request; checks canonical equality with the expected source-VC record, allowed policy transition, request proof, and issuer authorization. Source-VC opening and ABS signature validation were measured separately in identified_vc_verify; this fixed reviewer path does not repeat that signature check here."
3,vp_blind_sign,1,516.850183,516.850183,516.850183,516.850183,516.850183,one sample: quartiles are degenerate and do not measure variability,516.850183,0.0,516.850183,abs_blind_sign call on a prechecked request; request verification is measured separately
3,vp_unblind_and_finalize,1,1089.383468,1089.383468,1089.383468,1089.383468,1089.383468,one sample: quartiles are degenerate and do not measure variability,1089.383468,0.0,1089.383468,"HolderService.complete_vp after receiving a fresh 32-byte verifier nonce; includes mandatory abs_verify on exact (U,V,W), unblinding, full signature refresh, and nonce-bound opening-proof generation"
3,anonymous_vp_verify,1,519.913953,519.913953,519.913953,519.913953,519.913953,one sample: quartiles are degenerate and do not measure variability,519.913953,0.0,519.913953,"VerifierService.verify call on a prebuilt anonymous VP with required policy, epoch, and expected nonce saved independently from the finalization input state"
5,vector_commit,1,0.796699,0.796699,0.796699,0.796699,0.796699,one sample: quartiles are degenerate and do not measure variability,0.796699,0.0,0.796699,vector commit call for the fixed L=3-coordinate content vector
5,identified_vc_sign,1,883.378675,883.378675,883.378675,883.378675,883.378675,one sample: quartiles are degenerate and do not measure variability,883.378675,0.0,883.378675,abs_sign call on the prebuilt identified VC representative and installed issuer attributes
5,identified_vc_verify,1,865.211351,865.211351,865.211351,865.211351,865.211351,one sample: quartiles are degenerate and do not measure variability,865.211351,0.0,865.211351,HolderService.receive_vc call on a credential with a signature returned by the immediately preceding timed sign operation; validates opening and VC ABS signature and stores the opening
5,vp_request_create,1,28.526926,28.526926,28.526926,28.526926,28.526926,one sample: quartiles are degenerate and do not measure variability,28.526926,0.0,28.526926,"HolderService.request_vp call; VC, opening, and target policy are already held"
5,vp_request_verify,1,34.206004,34.206004,34.206004,34.206004,34.206004,one sample: quartiles are degenerate and do not measure variability,34.206004,0.0,34.206004,"vp_check_request on a prebuilt request; checks canonical equality with the expected source-VC record, allowed policy transition, request proof, and issuer authorization. Source-VC opening and ABS signature validation were measured separately in identified_vc_verify; this fixed reviewer path does not repeat that signature check here."
5,vp_blind_sign,1,775.305524,775.305524,775.305524,775.305524,775.305524,one sample: quartiles are degenerate and do not measure variability,775.305524,0.0,775.305524,abs_blind_sign call on a prechecked request; request verification is measured separately
5,vp_unblind_and_finalize,1,1557.006115,1557.006115,1557.006115,1557.006115,1557.006115,one sample: quartiles are degenerate and do not measure variability,1557.006115,0.0,1557.006115,"HolderService.complete_vp after receiving a fresh 32-byte verifier nonce; includes mandatory abs_verify on exact (U,V,W), unblinding, full signature refresh, and nonce-bound opening-proof generation"
5,anonymous_vp_verify,1,788.921903,788.921903,788.921903,788.921903,788.921903,one sample: quartiles are degenerate and do not measure variability,788.921903,0.0,788.921903,"VerifierService.verify call on a prebuilt anonymous VP with required policy, epoch, and expected nonce saved independently from the finalization input state"
10,vector_commit,1,1.111352,1.111352,1.111352,1.111352,1.111352,one sample: quartiles are degenerate and do not measure variability,1.111352,0.0,1.111352,vector commit call for the fixed L=3-coordinate content vector
10,identified_vc_sign,1,1665.461525,1665.461525,1665.461525,1665.461525,1665.461525,one sample: quartiles are degenerate and do not measure variability,1665.461525,0.0,1665.461525,abs_sign call on the prebuilt identified VC representative and installed issuer attributes
10,identified_vc_verify,1,1690.226966,1690.226966,1690.226966,1690.226966,1690.226966,one sample: quartiles are degenerate and do not measure variability,1690.226966,0.0,1690.226966,HolderService.receive_vc call on a credential with a signature returned by the immediately preceding timed sign operation; validates opening and VC ABS signature and stores the opening
10,vp_request_create,1,56.023583,56.023583,56.023583,56.023583,56.023583,one sample: quartiles are degenerate and do not measure variability,56.023583,0.0,56.023583,"HolderService.request_vp call; VC, opening, and target policy are already held"
10,vp_request_verify,1,74.103877,74.103877,74.103877,74.103877,74.103877,one sample: quartiles are degenerate and do not measure variability,74.103877,0.0,74.103877,"vp_check_request on a prebuilt request; checks canonical equality with the expected source-VC record, allowed policy transition, request proof, and issuer authorization. Source-VC opening and ABS signature validation were measured separately in identified_vc_verify; this fixed reviewer path does not repeat that signature check here."
10,vp_blind_sign,1,1406.872832,1406.872832,1406.872832,1406.872832,1406.872832,one sample: quartiles are degenerate and do not measure variability,1406.872832,0.0,1406.872832,abs_blind_sign call on a prechecked request; request verification is measured separately
10,vp_unblind_and_finalize,1,2824.313704,2824.313704,2824.313704,2824.313704,2824.313704,one sample: quartiles are degenerate and do not measure variability,2824.313704,0.0,2824.313704,"HolderService.complete_vp after receiving a fresh 32-byte verifier nonce; includes mandatory abs_verify on exact (U,V,W), unblinding, full signature refresh, and nonce-bound opening-proof generation"
10,anonymous_vp_verify,1,1352.023998,1352.023998,1352.023998,1352.023998,1352.023998,one sample: quartiles are degenerate and do not measure variability,1352.023998,0.0,1352.023998,"VerifierService.verify call on a prebuilt anonymous VP with required policy, epoch, and expected nonce saved independently from the finalization input state"
