permission_count,operation,samples,median_ms,p25_ms,p75_ms,timed_region
3,advance_vp_preparation,30,9.075624999999999,9.012031,9.1459265,"Holder vp_request preparation API, including target-commitment rerandomization and request-proof generation; source VC and opening are prepared before the timer; independent of a verifier nonce"
3,holder_unblind_and_full_refresh,30,549.4098335,548.05252125,551.0338537499999,"abs_unblind call on a fresh exact request and valid blind response; includes mandatory exact-request response verification, unblinding, and complete signature/proof refresh. Fixture issuance, request authorization/proof checks, response signing, and response generation are outside the timer."
3,nonce_bound_hidden_opening_generation,30,3.6188335,3.58076,3.650875,vp_show call on a precomputed refreshed VP signature and fresh 32-byte verifier nonce; includes nonce-bound hidden-opening proof generation and presentation construction; signature refresh is outside the timer
3,anonymous_vp_verification,30,268.61039600000004,267.95992675,272.344719,"VerifierService.verify on the prebuilt anonymous VP using the required policy, epoch, and independently saved nonce; verification includes signature and hidden-opening proof checks"
5,advance_vp_preparation,30,11.884188,11.7270835,11.95845825,"Holder vp_request preparation API, including target-commitment rerandomization and request-proof generation; source VC and opening are prepared before the timer; independent of a verifier nonce"
5,holder_unblind_and_full_refresh,30,802.652666,801.07049,805.23513525,"abs_unblind call on a fresh exact request and valid blind response; includes mandatory exact-request response verification, unblinding, and complete signature/proof refresh. Fixture issuance, request authorization/proof checks, response signing, and response generation are outside the timer."
5,nonce_bound_hidden_opening_generation,30,5.0242295,4.978677,5.06422925,vp_show call on a precomputed refreshed VP signature and fresh 32-byte verifier nonce; includes nonce-bound hidden-opening proof generation and presentation construction; signature refresh is outside the timer
5,anonymous_vp_verification,30,394.566646,393.81334350000003,396.32898925,"VerifierService.verify on the prebuilt anonymous VP using the required policy, epoch, and independently saved nonce; verification includes signature and hidden-opening proof checks"
10,advance_vp_preparation,30,18.7885415,18.697729000000002,18.98819775,"Holder vp_request preparation API, including target-commitment rerandomization and request-proof generation; source VC and opening are prepared before the timer; independent of a verifier nonce"
10,holder_unblind_and_full_refresh,30,1445.7175,1443.43068775,1449.3473435,"abs_unblind call on a fresh exact request and valid blind response; includes mandatory exact-request response verification, unblinding, and complete signature/proof refresh. Fixture issuance, request authorization/proof checks, response signing, and response generation are outside the timer."
10,nonce_bound_hidden_opening_generation,30,8.4997295,8.4078855,8.55617725,vp_show call on a precomputed refreshed VP signature and fresh 32-byte verifier nonce; includes nonce-bound hidden-opening proof generation and presentation construction; signature refresh is outside the timer
10,anonymous_vp_verification,30,713.307583,711.8393747499999,714.2873960000001,"VerifierService.verify on the prebuilt anonymous VP using the required policy, epoch, and independently saved nonce; verification includes signature and hidden-opening proof checks"
