permission_count,operation,sample_index,sample_ms
3,advance_vp_preparation,1,9.010833
3,advance_vp_preparation,2,8.956125
3,advance_vp_preparation,3,9.077166
3,advance_vp_preparation,4,8.991375
3,advance_vp_preparation,5,9.065708
3,advance_vp_preparation,6,9.010791
3,advance_vp_preparation,7,9.030541
3,advance_vp_preparation,8,9.121417
3,advance_vp_preparation,9,9.239125
3,advance_vp_preparation,10,9.09125
3,advance_vp_preparation,11,9.191917
3,advance_vp_preparation,12,9.036917
3,advance_vp_preparation,13,9.015625
3,advance_vp_preparation,14,8.988708
3,advance_vp_preparation,15,9.018625
3,advance_vp_preparation,16,9.176542
3,advance_vp_preparation,17,9.148791
3,advance_vp_preparation,18,9.1115
3,advance_vp_preparation,19,9.308041
3,advance_vp_preparation,20,9.074084
3,advance_vp_preparation,21,9.125292
3,advance_vp_preparation,22,9.167667
3,advance_vp_preparation,23,8.995417
3,advance_vp_preparation,24,8.945291
3,advance_vp_preparation,25,9.318125
3,advance_vp_preparation,26,9.045208
3,advance_vp_preparation,27,9.137333
3,advance_vp_preparation,28,9.148833
3,advance_vp_preparation,29,9.107709
3,advance_vp_preparation,30,8.901375
3,holder_unblind_and_full_refresh,1,548.045292
3,holder_unblind_and_full_refresh,2,549.870959
3,holder_unblind_and_full_refresh,3,558.182792
3,holder_unblind_and_full_refresh,4,558.701375
3,holder_unblind_and_full_refresh,5,549.484459
3,holder_unblind_and_full_refresh,6,550.115459
3,holder_unblind_and_full_refresh,7,549.061125
3,holder_unblind_and_full_refresh,8,546.331083
3,holder_unblind_and_full_refresh,9,550.348709
3,holder_unblind_and_full_refresh,10,551.187291
3,holder_unblind_and_full_refresh,11,548.919125
3,holder_unblind_and_full_refresh,12,548.994625
3,holder_unblind_and_full_refresh,13,552.143125
3,holder_unblind_and_full_refresh,14,548.074209
3,holder_unblind_and_full_refresh,15,551.837208
3,holder_unblind_and_full_refresh,16,550.573542
3,holder_unblind_and_full_refresh,17,552.948958
3,holder_unblind_and_full_refresh,18,549.617208
3,holder_unblind_and_full_refresh,19,553.376833
3,holder_unblind_and_full_refresh,20,549.735833
3,holder_unblind_and_full_refresh,21,546.935292
3,holder_unblind_and_full_refresh,22,548.397959
3,holder_unblind_and_full_refresh,23,547.026625
3,holder_unblind_and_full_refresh,24,549.335208
3,holder_unblind_and_full_refresh,25,548.554708
3,holder_unblind_and_full_refresh,26,552.122417
3,holder_unblind_and_full_refresh,27,547.904667
3,holder_unblind_and_full_refresh,28,547.390792
3,holder_unblind_and_full_refresh,29,546.3555
3,holder_unblind_and_full_refresh,30,547.749375
3,nonce_bound_hidden_opening_generation,1,3.582791
3,nonce_bound_hidden_opening_generation,2,3.6095
3,nonce_bound_hidden_opening_generation,3,3.6475
3,nonce_bound_hidden_opening_generation,4,3.644583
3,nonce_bound_hidden_opening_generation,5,3.6895
3,nonce_bound_hidden_opening_generation,6,3.57675
3,nonce_bound_hidden_opening_generation,7,3.674916
3,nonce_bound_hidden_opening_generation,8,3.566958
3,nonce_bound_hidden_opening_generation,9,3.670416
3,nonce_bound_hidden_opening_generation,10,3.62175
3,nonce_bound_hidden_opening_generation,11,3.577
3,nonce_bound_hidden_opening_generation,12,3.704958
3,nonce_bound_hidden_opening_generation,13,3.602209
3,nonce_bound_hidden_opening_generation,14,3.68325
3,nonce_bound_hidden_opening_generation,15,3.660917
3,nonce_bound_hidden_opening_generation,16,3.603583
3,nonce_bound_hidden_opening_generation,17,3.574083
3,nonce_bound_hidden_opening_generation,18,3.584542
3,nonce_bound_hidden_opening_generation,19,3.615917
3,nonce_bound_hidden_opening_generation,20,3.580083
3,nonce_bound_hidden_opening_generation,21,3.625208
3,nonce_bound_hidden_opening_generation,22,3.640375
3,nonce_bound_hidden_opening_generation,23,3.678125
3,nonce_bound_hidden_opening_generation,24,3.556417
3,nonce_bound_hidden_opening_generation,25,3.63025
3,nonce_bound_hidden_opening_generation,26,3.605708
3,nonce_bound_hidden_opening_generation,27,3.564708
3,nonce_bound_hidden_opening_generation,28,3.652
3,nonce_bound_hidden_opening_generation,29,3.557125
3,nonce_bound_hidden_opening_generation,30,3.637
3,anonymous_vp_verification,1,266.776667
3,anonymous_vp_verification,2,267.00825
3,anonymous_vp_verification,3,268.106
3,anonymous_vp_verification,4,268.082125
3,anonymous_vp_verification,5,267.926083
3,anonymous_vp_verification,6,270.868667
3,anonymous_vp_verification,7,271.552416
3,anonymous_vp_verification,8,271.580625
3,anonymous_vp_verification,9,269.014083
3,anonymous_vp_verification,10,268.061458
3,anonymous_vp_verification,11,267.650709
3,anonymous_vp_verification,12,268.391916
3,anonymous_vp_verification,13,268.378333
3,anonymous_vp_verification,14,267.750084
3,anonymous_vp_verification,15,268.645667
3,anonymous_vp_verification,16,267.682916
3,anonymous_vp_verification,17,266.257291
3,anonymous_vp_verification,18,268.58775
3,anonymous_vp_verification,19,268.476959
3,anonymous_vp_verification,20,270.47675
3,anonymous_vp_verification,21,267.059083
3,anonymous_vp_verification,22,268.633042
3,anonymous_vp_verification,23,272.599417
3,anonymous_vp_verification,24,277.257958
3,anonymous_vp_verification,25,274.880667
3,anonymous_vp_verification,26,276.050958
3,anonymous_vp_verification,27,277.331875
3,anonymous_vp_verification,28,276.5315
3,anonymous_vp_verification,29,277.257917
3,anonymous_vp_verification,30,273.187625
5,advance_vp_preparation,1,11.815833
5,advance_vp_preparation,2,12.013041
5,advance_vp_preparation,3,11.700833
5,advance_vp_preparation,4,12.246125
5,advance_vp_preparation,5,11.839166
5,advance_vp_preparation,6,11.726125
5,advance_vp_preparation,7,11.845417
5,advance_vp_preparation,8,12.037209
5,advance_vp_preparation,9,11.948208
5,advance_vp_preparation,10,11.890416
5,advance_vp_preparation,11,11.961875
5,advance_vp_preparation,12,11.753166
5,advance_vp_preparation,13,11.998542
5,advance_vp_preparation,14,11.586958
5,advance_vp_preparation,15,11.887292
5,advance_vp_preparation,16,11.54475
5,advance_vp_preparation,17,11.643041
5,advance_vp_preparation,18,11.729959
5,advance_vp_preparation,19,11.667416
5,advance_vp_preparation,20,11.620875
5,advance_vp_preparation,21,12.128666
5,advance_vp_preparation,22,11.892417
5,advance_vp_preparation,23,12.400125
5,advance_vp_preparation,24,11.695542
5,advance_vp_preparation,25,12.083875
5,advance_vp_preparation,26,11.945959
5,advance_vp_preparation,27,11.846541
5,advance_vp_preparation,28,11.905875
5,advance_vp_preparation,29,11.9055
5,advance_vp_preparation,30,11.881084
5,holder_unblind_and_full_refresh,1,799.442375
5,holder_unblind_and_full_refresh,2,805.352208
5,holder_unblind_and_full_refresh,3,804.883917
5,holder_unblind_and_full_refresh,4,798.718084
5,holder_unblind_and_full_refresh,5,801.096584
5,holder_unblind_and_full_refresh,6,802.851041
5,holder_unblind_and_full_refresh,7,804.749208
5,holder_unblind_and_full_refresh,8,805.395375
5,holder_unblind_and_full_refresh,9,796.55575
5,holder_unblind_and_full_refresh,10,801.268458
5,holder_unblind_and_full_refresh,11,801.953459
5,holder_unblind_and_full_refresh,12,805.637167
5,holder_unblind_and_full_refresh,13,800.449916
5,holder_unblind_and_full_refresh,14,799.441375
5,holder_unblind_and_full_refresh,15,801.338417
5,holder_unblind_and_full_refresh,16,808.403792
5,holder_unblind_and_full_refresh,17,802.240584
5,holder_unblind_and_full_refresh,18,801.110333
5,holder_unblind_and_full_refresh,19,805.595709
5,holder_unblind_and_full_refresh,20,804.407125
5,holder_unblind_and_full_refresh,21,805.667667
5,holder_unblind_and_full_refresh,22,805.467792
5,holder_unblind_and_full_refresh,23,805.864875
5,holder_unblind_and_full_refresh,24,799.855583
5,holder_unblind_and_full_refresh,25,802.454291
5,holder_unblind_and_full_refresh,26,804.385875
5,holder_unblind_and_full_refresh,27,801.061792
5,holder_unblind_and_full_refresh,28,800.289417
5,holder_unblind_and_full_refresh,29,803.975709
5,holder_unblind_and_full_refresh,30,804.19325
5,nonce_bound_hidden_opening_generation,1,5.1165
5,nonce_bound_hidden_opening_generation,2,5.056541
5,nonce_bound_hidden_opening_generation,3,4.967708
5,nonce_bound_hidden_opening_generation,4,4.988584
5,nonce_bound_hidden_opening_generation,5,5.044916
5,nonce_bound_hidden_opening_generation,6,4.9785
5,nonce_bound_hidden_opening_generation,7,5.081917
5,nonce_bound_hidden_opening_generation,8,5.095291
5,nonce_bound_hidden_opening_generation,9,5.001041
5,nonce_bound_hidden_opening_generation,10,5.066708
5,nonce_bound_hidden_opening_generation,11,4.917917
5,nonce_bound_hidden_opening_generation,12,5.107625
5,nonce_bound_hidden_opening_generation,13,5.030416
5,nonce_bound_hidden_opening_generation,14,4.979208
5,nonce_bound_hidden_opening_generation,15,4.988208
5,nonce_bound_hidden_opening_generation,16,5.066
5,nonce_bound_hidden_opening_generation,17,5.081875
5,nonce_bound_hidden_opening_generation,18,4.956583
5,nonce_bound_hidden_opening_generation,19,5.026
5,nonce_bound_hidden_opening_generation,20,5.050792
5,nonce_bound_hidden_opening_generation,21,5.098458
5,nonce_bound_hidden_opening_generation,22,5.058917
5,nonce_bound_hidden_opening_generation,23,4.935917
5,nonce_bound_hidden_opening_generation,24,4.996041
5,nonce_bound_hidden_opening_generation,25,4.970875
5,nonce_bound_hidden_opening_generation,26,4.883584
5,nonce_bound_hidden_opening_generation,27,5.058125
5,nonce_bound_hidden_opening_generation,28,4.918292
5,nonce_bound_hidden_opening_generation,29,5.01375
5,nonce_bound_hidden_opening_generation,30,5.022459
5,anonymous_vp_verification,1,390.97875
5,anonymous_vp_verification,2,392.066625
5,anonymous_vp_verification,3,393.8685
5,anonymous_vp_verification,4,396.297709
5,anonymous_vp_verification,5,396.636041
5,anonymous_vp_verification,6,396.783583
5,anonymous_vp_verification,7,393.998042
5,anonymous_vp_verification,8,395.658125
5,anonymous_vp_verification,9,394.799209
5,anonymous_vp_verification,10,396.493292
5,anonymous_vp_verification,11,394.4165
5,anonymous_vp_verification,12,394.716792
5,anonymous_vp_verification,13,402.080791
5,anonymous_vp_verification,14,396.752208
5,anonymous_vp_verification,15,393.794958
5,anonymous_vp_verification,16,393.434125
5,anonymous_vp_verification,17,396.339416
5,anonymous_vp_verification,18,394.112333
5,anonymous_vp_verification,19,393.644959
5,anonymous_vp_verification,20,392.469667
5,anonymous_vp_verification,21,392.620042
5,anonymous_vp_verification,22,397.3145
5,anonymous_vp_verification,23,396.058375
5,anonymous_vp_verification,24,396.144417
5,anonymous_vp_verification,25,394.330584
5,anonymous_vp_verification,26,394.064291
5,anonymous_vp_verification,27,396.508917
5,anonymous_vp_verification,28,396.035791
5,anonymous_vp_verification,29,394.249834
5,anonymous_vp_verification,30,392.020167
10,advance_vp_preparation,1,18.695875
10,advance_vp_preparation,2,19.32275
10,advance_vp_preparation,3,18.978417
10,advance_vp_preparation,4,18.627209
10,advance_vp_preparation,5,19.151459
10,advance_vp_preparation,6,18.764042
10,advance_vp_preparation,7,18.782125
10,advance_vp_preparation,8,18.857
10,advance_vp_preparation,9,18.937917
10,advance_vp_preparation,10,19.047208
10,advance_vp_preparation,11,18.720208
10,advance_vp_preparation,12,19.018167
10,advance_vp_preparation,13,18.600875
10,advance_vp_preparation,14,18.991458
10,advance_vp_preparation,15,18.917167
10,advance_vp_preparation,16,18.553708
10,advance_vp_preparation,17,19.122292
10,advance_vp_preparation,18,18.710208
10,advance_vp_preparation,19,19.220417
10,advance_vp_preparation,20,18.513625
10,advance_vp_preparation,21,18.654958
10,advance_vp_preparation,22,18.789708
10,advance_vp_preparation,23,18.787375
10,advance_vp_preparation,24,19.401708
10,advance_vp_preparation,25,18.86
10,advance_vp_preparation,26,18.691375
10,advance_vp_preparation,27,18.770958
10,advance_vp_preparation,28,18.815167
10,advance_vp_preparation,29,18.703291
10,advance_vp_preparation,30,18.6075
10,holder_unblind_and_full_refresh,1,1447.756792
10,holder_unblind_and_full_refresh,2,1448.354375
10,holder_unblind_and_full_refresh,3,1455.861
10,holder_unblind_and_full_refresh,4,1443.45175
10,holder_unblind_and_full_refresh,5,1447.382709
10,holder_unblind_and_full_refresh,6,1466.675708
10,holder_unblind_and_full_refresh,7,1456.327583
10,holder_unblind_and_full_refresh,8,1452.958583
10,holder_unblind_and_full_refresh,9,1443.076625
10,holder_unblind_and_full_refresh,10,1442.656042
10,holder_unblind_and_full_refresh,11,1446.885208
10,holder_unblind_and_full_refresh,12,1442.169125
10,holder_unblind_and_full_refresh,13,1444.678333
10,holder_unblind_and_full_refresh,14,1445.499542
10,holder_unblind_and_full_refresh,15,1443.423667
10,holder_unblind_and_full_refresh,16,1442.582
10,holder_unblind_and_full_refresh,17,1445.462791
10,holder_unblind_and_full_refresh,18,1443.27275
10,holder_unblind_and_full_refresh,19,1443.823708
10,holder_unblind_and_full_refresh,20,1445.935458
10,holder_unblind_and_full_refresh,21,1444.629791
10,holder_unblind_and_full_refresh,22,1446.09075
10,holder_unblind_and_full_refresh,23,1450.366459
10,holder_unblind_and_full_refresh,24,1438.489042
10,holder_unblind_and_full_refresh,25,1441.154375
10,holder_unblind_and_full_refresh,26,1449.678333
10,holder_unblind_and_full_refresh,27,1451.257917
10,holder_unblind_and_full_refresh,28,1446.697917
10,holder_unblind_and_full_refresh,29,1451.835458
10,holder_unblind_and_full_refresh,30,1444.169875
10,nonce_bound_hidden_opening_generation,1,8.339917
10,nonce_bound_hidden_opening_generation,2,8.3345
10,nonce_bound_hidden_opening_generation,3,8.407125
10,nonce_bound_hidden_opening_generation,4,8.321375
10,nonce_bound_hidden_opening_generation,5,8.347791
10,nonce_bound_hidden_opening_generation,6,8.489583
10,nonce_bound_hidden_opening_generation,7,8.515959
10,nonce_bound_hidden_opening_generation,8,8.551458
10,nonce_bound_hidden_opening_generation,9,8.410167
10,nonce_bound_hidden_opening_generation,10,8.441375
10,nonce_bound_hidden_opening_generation,11,8.4535
10,nonce_bound_hidden_opening_generation,12,8.59625
10,nonce_bound_hidden_opening_generation,13,8.629833
10,nonce_bound_hidden_opening_generation,14,8.530458
10,nonce_bound_hidden_opening_generation,15,8.5565
10,nonce_bound_hidden_opening_generation,16,8.517666
10,nonce_bound_hidden_opening_generation,17,8.609583
10,nonce_bound_hidden_opening_generation,18,8.529917
10,nonce_bound_hidden_opening_generation,19,8.572166
10,nonce_bound_hidden_opening_generation,20,8.492667
10,nonce_bound_hidden_opening_generation,21,8.486417
10,nonce_bound_hidden_opening_generation,22,8.555209
10,nonce_bound_hidden_opening_generation,23,8.624708
10,nonce_bound_hidden_opening_generation,24,8.597917
10,nonce_bound_hidden_opening_generation,25,8.506792
10,nonce_bound_hidden_opening_generation,26,8.682667
10,nonce_bound_hidden_opening_generation,27,8.372791
10,nonce_bound_hidden_opening_generation,28,8.370084
10,nonce_bound_hidden_opening_generation,29,8.351417
10,nonce_bound_hidden_opening_generation,30,8.481833
10,anonymous_vp_verification,1,712.854875
10,anonymous_vp_verification,2,713.91375
10,anonymous_vp_verification,3,714.066458
10,anonymous_vp_verification,4,711.933584
10,anonymous_vp_verification,5,710.512833
10,anonymous_vp_verification,6,710.688667
10,anonymous_vp_verification,7,713.55625
10,anonymous_vp_verification,8,715.848417
10,anonymous_vp_verification,9,714.760708
10,anonymous_vp_verification,10,707.704375
10,anonymous_vp_verification,11,710.024
10,anonymous_vp_verification,12,712.311458
10,anonymous_vp_verification,13,711.257
10,anonymous_vp_verification,14,714.191459
10,anonymous_vp_verification,15,711.837333
10,anonymous_vp_verification,16,712.586292
10,anonymous_vp_verification,17,711.8455
10,anonymous_vp_verification,18,714.765291
10,anonymous_vp_verification,19,714.319375
10,anonymous_vp_verification,20,707.708375
10,anonymous_vp_verification,21,713.864
10,anonymous_vp_verification,22,712.161458
10,anonymous_vp_verification,23,713.311958
10,anonymous_vp_verification,24,715.300458
10,anonymous_vp_verification,25,722.546416
10,anonymous_vp_verification,26,713.303208
10,anonymous_vp_verification,27,710.210208
10,anonymous_vp_verification,28,715.655291
10,anonymous_vp_verification,29,723.270666
10,anonymous_vp_verification,30,713.92625
