permission_count,n_definition,message_vector_length_L,message,phase,sender,recipient,context,components,bytes
3,n is the number of permission attributes,3,global-public-parameters,setup,RA,ledger,,"[{""bytes"":2026,""encoding"":""canonical-public"",""name"":""PublicParams""}]",2026
3,n is the number of permission attributes,3,issuer-public-key-registration,issuer_registration,issuer,RA,,"[{""bytes"":335,""encoding"":""canonical-public"",""name"":""IssuerPublicKey""}]",335
3,n is the number of permission attributes,3,attribute-authorization-request,issuer_registration,issuer,RA,,"[{""bytes"":335,""encoding"":""canonical-public"",""name"":""IssuerPublicKey""},{""bytes"":395,""encoding"":""canonical-attribute-list"",""name"":""AuthorizationAttributesAndEpoch""}]",730
3,n is the number of permission attributes,3,issuer-attribute-credentials,issuer_registration,RA,issuer,,"[{""bytes"":1010,""encoding"":""private-measurement-only"",""name"":""AttributeCredential""},{""bytes"":1010,""encoding"":""private-measurement-only"",""name"":""AttributeCredential""},{""bytes"":1010,""encoding"":""private-measurement-only"",""name"":""AttributeCredential""},{""bytes"":1003,""encoding"":""private-measurement-only"",""name"":""AttributeCredential""},{""bytes"":998,""encoding"":""private-measurement-only"",""name"":""AttributeCredential""}]",5031
3,n is the number of permission attributes,3,vc-message-vector,vc_issuance,holder,issuer,identified-VC,"[{""bytes"":112,""encoding"":""canonical-vector-scalars"",""name"":""MessageVector""}]",112
3,n is the number of permission attributes,3,identified-vc-and-opening,vc_issuance,issuer,holder,identified-VC,"[{""bytes"":39841,""encoding"":""canonical-public"",""name"":""Credential""},{""bytes"":248,""encoding"":""private-measurement-only"",""name"":""CommitmentOpening""}]",40089
3,n is the number of permission attributes,3,vp-blind-request,vp_issuance,holder,issuer,identified-to-anonymous,"[{""bytes"":40825,""encoding"":""canonical-public"",""name"":""BlindRequest""}]",40825
3,n is the number of permission attributes,3,vp-blind-response,vp_issuance,issuer,holder,anonymous-VP,"[{""bytes"":31964,""encoding"":""canonical-public"",""name"":""BlindResponse""}]",31964
3,n is the number of permission attributes,3,vp-verification-request,presentation_delivery,verifier,holder,anonymous-VP,"[{""bytes"":327,""encoding"":""policy-canonical-bytes"",""name"":""RequiredPolicy""},{""bytes"":8,""encoding"":""u64-big-endian"",""name"":""RequiredEpoch""},{""bytes"":45,""encoding"":""u32-length-prefixed-bytes"",""name"":""Nonce""}]",380
3,n is the number of permission attributes,3,anonymous-vp-presentation,presentation_delivery,holder,verifier,anonymous-VP,"[{""bytes"":32610,""encoding"":""canonical-public"",""name"":""Presentation""}]",32610
5,n is the number of permission attributes,3,global-public-parameters,setup,RA,ledger,,"[{""bytes"":2026,""encoding"":""canonical-public"",""name"":""PublicParams""}]",2026
5,n is the number of permission attributes,3,issuer-public-key-registration,issuer_registration,issuer,RA,,"[{""bytes"":335,""encoding"":""canonical-public"",""name"":""IssuerPublicKey""}]",335
5,n is the number of permission attributes,3,attribute-authorization-request,issuer_registration,issuer,RA,,"[{""bytes"":335,""encoding"":""canonical-public"",""name"":""IssuerPublicKey""},{""bytes"":551,""encoding"":""canonical-attribute-list"",""name"":""AuthorizationAttributesAndEpoch""}]",886
5,n is the number of permission attributes,3,issuer-attribute-credentials,issuer_registration,RA,issuer,,"[{""bytes"":1010,""encoding"":""private-measurement-only"",""name"":""AttributeCredential""},{""bytes"":1010,""encoding"":""private-measurement-only"",""name"":""AttributeCredential""},{""bytes"":1010,""encoding"":""private-measurement-only"",""name"":""AttributeCredential""},{""bytes"":1010,""encoding"":""private-measurement-only"",""name"":""AttributeCredential""},{""bytes"":1010,""encoding"":""private-measurement-only"",""name"":""AttributeCredential""},{""bytes"":1003,""encoding"":""private-measurement-only"",""name"":""AttributeCredential""},{""bytes"":998,""encoding"":""private-measurement-only"",""name"":""AttributeCredential""}]",7051
5,n is the number of permission attributes,3,vc-message-vector,vc_issuance,holder,issuer,identified-VC,"[{""bytes"":112,""encoding"":""canonical-vector-scalars"",""name"":""MessageVector""}]",112
5,n is the number of permission attributes,3,identified-vc-and-opening,vc_issuance,issuer,holder,identified-VC,"[{""bytes"":54883,""encoding"":""canonical-public"",""name"":""Credential""},{""bytes"":248,""encoding"":""private-measurement-only"",""name"":""CommitmentOpening""}]",55131
5,n is the number of permission attributes,3,vp-blind-request,vp_issuance,holder,issuer,identified-to-anonymous,"[{""bytes"":56033,""encoding"":""canonical-public"",""name"":""BlindRequest""}]",56033
5,n is the number of permission attributes,3,vp-blind-response,vp_issuance,issuer,holder,anonymous-VP,"[{""bytes"":46840,""encoding"":""canonical-public"",""name"":""BlindResponse""}]",46840
5,n is the number of permission attributes,3,vp-verification-request,presentation_delivery,verifier,holder,anonymous-VP,"[{""bytes"":503,""encoding"":""policy-canonical-bytes"",""name"":""RequiredPolicy""},{""bytes"":8,""encoding"":""u64-big-endian"",""name"":""RequiredEpoch""},{""bytes"":45,""encoding"":""u32-length-prefixed-bytes"",""name"":""Nonce""}]",556
5,n is the number of permission attributes,3,anonymous-vp-presentation,presentation_delivery,holder,verifier,anonymous-VP,"[{""bytes"":47652,""encoding"":""canonical-public"",""name"":""Presentation""}]",47652
10,n is the number of permission attributes,3,global-public-parameters,setup,RA,ledger,,"[{""bytes"":2026,""encoding"":""canonical-public"",""name"":""PublicParams""}]",2026
10,n is the number of permission attributes,3,issuer-public-key-registration,issuer_registration,issuer,RA,,"[{""bytes"":335,""encoding"":""canonical-public"",""name"":""IssuerPublicKey""}]",335
10,n is the number of permission attributes,3,attribute-authorization-request,issuer_registration,issuer,RA,,"[{""bytes"":335,""encoding"":""canonical-public"",""name"":""IssuerPublicKey""},{""bytes"":941,""encoding"":""canonical-attribute-list"",""name"":""AuthorizationAttributesAndEpoch""}]",1276
10,n is the number of permission attributes,3,issuer-attribute-credentials,issuer_registration,RA,issuer,,"[{""bytes"":1010,""encoding"":""private-measurement-only"",""name"":""AttributeCredential""},{""bytes"":1010,""encoding"":""private-measurement-only"",""name"":""AttributeCredential""},{""bytes"":1010,""encoding"":""private-measurement-only"",""name"":""AttributeCredential""},{""bytes"":1010,""encoding"":""private-measurement-only"",""name"":""AttributeCredential""},{""bytes"":1010,""encoding"":""private-measurement-only"",""name"":""AttributeCredential""},{""bytes"":1010,""encoding"":""private-measurement-only"",""name"":""AttributeCredential""},{""bytes"":1010,""encoding"":""private-measurement-only"",""name"":""AttributeCredential""},{""bytes"":1010,""encoding"":""private-measurement-only"",""name"":""AttributeCredential""},{""bytes"":1010,""encoding"":""private-measurement-only"",""name"":""AttributeCredential""},{""bytes"":1010,""encoding"":""private-measurement-only"",""name"":""AttributeCredential""},{""bytes"":1003,""encoding"":""private-measurement-only"",""name"":""AttributeCredential""},{""bytes"":998,""encoding"":""private-measurement-only"",""name"":""AttributeCredential""}]",12101
10,n is the number of permission attributes,3,vc-message-vector,vc_issuance,holder,issuer,identified-VC,"[{""bytes"":112,""encoding"":""canonical-vector-scalars"",""name"":""MessageVector""}]",112
10,n is the number of permission attributes,3,identified-vc-and-opening,vc_issuance,issuer,holder,identified-VC,"[{""bytes"":92512,""encoding"":""canonical-public"",""name"":""Credential""},{""bytes"":248,""encoding"":""private-measurement-only"",""name"":""CommitmentOpening""}]",92760
10,n is the number of permission attributes,3,vp-blind-request,vp_issuance,holder,issuer,identified-to-anonymous,"[{""bytes"":94077,""encoding"":""canonical-public"",""name"":""BlindRequest""}]",94077
10,n is the number of permission attributes,3,vp-blind-response,vp_issuance,issuer,holder,anonymous-VP,"[{""bytes"":84042,""encoding"":""canonical-public"",""name"":""BlindResponse""}]",84042
10,n is the number of permission attributes,3,vp-verification-request,presentation_delivery,verifier,holder,anonymous-VP,"[{""bytes"":943,""encoding"":""policy-canonical-bytes"",""name"":""RequiredPolicy""},{""bytes"":8,""encoding"":""u64-big-endian"",""name"":""RequiredEpoch""},{""bytes"":45,""encoding"":""u32-length-prefixed-bytes"",""name"":""Nonce""}]",996
10,n is the number of permission attributes,3,anonymous-vp-presentation,presentation_delivery,holder,verifier,anonymous-VP,"[{""bytes"":85269,""encoding"":""canonical-public"",""name"":""Presentation""}]",85269
