permission_count,n_definition,message_vector_length_L,role,phase,sent_bytes,received_bytes,total_bytes,sent_kib,received_kib,total_kib
3,n is the number of permission attributes,3,RA,setup,2026,0,2026,1.978516,0.0,1.978516
3,n is the number of permission attributes,3,ledger,setup,0,2026,2026,0.0,1.978516,1.978516
3,n is the number of permission attributes,3,issuer,setup,0,0,0,0.0,0.0,0.0
3,n is the number of permission attributes,3,holder,setup,0,0,0,0.0,0.0,0.0
3,n is the number of permission attributes,3,verifier,setup,0,0,0,0.0,0.0,0.0
3,n is the number of permission attributes,3,RA,issuer_registration,5031,1065,6096,4.913086,1.040039,5.953125
3,n is the number of permission attributes,3,ledger,issuer_registration,0,0,0,0.0,0.0,0.0
3,n is the number of permission attributes,3,issuer,issuer_registration,1065,5031,6096,1.040039,4.913086,5.953125
3,n is the number of permission attributes,3,holder,issuer_registration,0,0,0,0.0,0.0,0.0
3,n is the number of permission attributes,3,verifier,issuer_registration,0,0,0,0.0,0.0,0.0
3,n is the number of permission attributes,3,RA,vc_issuance,0,0,0,0.0,0.0,0.0
3,n is the number of permission attributes,3,ledger,vc_issuance,0,0,0,0.0,0.0,0.0
3,n is the number of permission attributes,3,issuer,vc_issuance,40089,112,40201,39.149414,0.109375,39.258789
3,n is the number of permission attributes,3,holder,vc_issuance,112,40089,40201,0.109375,39.149414,39.258789
3,n is the number of permission attributes,3,verifier,vc_issuance,0,0,0,0.0,0.0,0.0
3,n is the number of permission attributes,3,RA,vp_issuance,0,0,0,0.0,0.0,0.0
3,n is the number of permission attributes,3,ledger,vp_issuance,0,0,0,0.0,0.0,0.0
3,n is the number of permission attributes,3,issuer,vp_issuance,31964,40825,72789,31.214844,39.868164,71.083008
3,n is the number of permission attributes,3,holder,vp_issuance,40825,31964,72789,39.868164,31.214844,71.083008
3,n is the number of permission attributes,3,verifier,vp_issuance,0,0,0,0.0,0.0,0.0
3,n is the number of permission attributes,3,RA,presentation_delivery,0,0,0,0.0,0.0,0.0
3,n is the number of permission attributes,3,ledger,presentation_delivery,0,0,0,0.0,0.0,0.0
3,n is the number of permission attributes,3,issuer,presentation_delivery,0,0,0,0.0,0.0,0.0
3,n is the number of permission attributes,3,holder,presentation_delivery,32610,380,32990,31.845703,0.371094,32.216797
3,n is the number of permission attributes,3,verifier,presentation_delivery,380,32610,32990,0.371094,31.845703,32.216797
5,n is the number of permission attributes,3,RA,setup,2026,0,2026,1.978516,0.0,1.978516
5,n is the number of permission attributes,3,ledger,setup,0,2026,2026,0.0,1.978516,1.978516
5,n is the number of permission attributes,3,issuer,setup,0,0,0,0.0,0.0,0.0
5,n is the number of permission attributes,3,holder,setup,0,0,0,0.0,0.0,0.0
5,n is the number of permission attributes,3,verifier,setup,0,0,0,0.0,0.0,0.0
5,n is the number of permission attributes,3,RA,issuer_registration,7051,1221,8272,6.885742,1.192383,8.078125
5,n is the number of permission attributes,3,ledger,issuer_registration,0,0,0,0.0,0.0,0.0
5,n is the number of permission attributes,3,issuer,issuer_registration,1221,7051,8272,1.192383,6.885742,8.078125
5,n is the number of permission attributes,3,holder,issuer_registration,0,0,0,0.0,0.0,0.0
5,n is the number of permission attributes,3,verifier,issuer_registration,0,0,0,0.0,0.0,0.0
5,n is the number of permission attributes,3,RA,vc_issuance,0,0,0,0.0,0.0,0.0
5,n is the number of permission attributes,3,ledger,vc_issuance,0,0,0,0.0,0.0,0.0
5,n is the number of permission attributes,3,issuer,vc_issuance,55131,112,55243,53.838867,0.109375,53.948242
5,n is the number of permission attributes,3,holder,vc_issuance,112,55131,55243,0.109375,53.838867,53.948242
5,n is the number of permission attributes,3,verifier,vc_issuance,0,0,0,0.0,0.0,0.0
5,n is the number of permission attributes,3,RA,vp_issuance,0,0,0,0.0,0.0,0.0
5,n is the number of permission attributes,3,ledger,vp_issuance,0,0,0,0.0,0.0,0.0
5,n is the number of permission attributes,3,issuer,vp_issuance,46840,56033,102873,45.742188,54.719727,100.461914
5,n is the number of permission attributes,3,holder,vp_issuance,56033,46840,102873,54.719727,45.742188,100.461914
5,n is the number of permission attributes,3,verifier,vp_issuance,0,0,0,0.0,0.0,0.0
5,n is the number of permission attributes,3,RA,presentation_delivery,0,0,0,0.0,0.0,0.0
5,n is the number of permission attributes,3,ledger,presentation_delivery,0,0,0,0.0,0.0,0.0
5,n is the number of permission attributes,3,issuer,presentation_delivery,0,0,0,0.0,0.0,0.0
5,n is the number of permission attributes,3,holder,presentation_delivery,47652,556,48208,46.535156,0.542969,47.078125
5,n is the number of permission attributes,3,verifier,presentation_delivery,556,47652,48208,0.542969,46.535156,47.078125
10,n is the number of permission attributes,3,RA,setup,2026,0,2026,1.978516,0.0,1.978516
10,n is the number of permission attributes,3,ledger,setup,0,2026,2026,0.0,1.978516,1.978516
10,n is the number of permission attributes,3,issuer,setup,0,0,0,0.0,0.0,0.0
10,n is the number of permission attributes,3,holder,setup,0,0,0,0.0,0.0,0.0
10,n is the number of permission attributes,3,verifier,setup,0,0,0,0.0,0.0,0.0
10,n is the number of permission attributes,3,RA,issuer_registration,12101,1611,13712,11.817383,1.573242,13.390625
10,n is the number of permission attributes,3,ledger,issuer_registration,0,0,0,0.0,0.0,0.0
10,n is the number of permission attributes,3,issuer,issuer_registration,1611,12101,13712,1.573242,11.817383,13.390625
10,n is the number of permission attributes,3,holder,issuer_registration,0,0,0,0.0,0.0,0.0
10,n is the number of permission attributes,3,verifier,issuer_registration,0,0,0,0.0,0.0,0.0
10,n is the number of permission attributes,3,RA,vc_issuance,0,0,0,0.0,0.0,0.0
10,n is the number of permission attributes,3,ledger,vc_issuance,0,0,0,0.0,0.0,0.0
10,n is the number of permission attributes,3,issuer,vc_issuance,92760,112,92872,90.585938,0.109375,90.695312
10,n is the number of permission attributes,3,holder,vc_issuance,112,92760,92872,0.109375,90.585938,90.695312
10,n is the number of permission attributes,3,verifier,vc_issuance,0,0,0,0.0,0.0,0.0
10,n is the number of permission attributes,3,RA,vp_issuance,0,0,0,0.0,0.0,0.0
10,n is the number of permission attributes,3,ledger,vp_issuance,0,0,0,0.0,0.0,0.0
10,n is the number of permission attributes,3,issuer,vp_issuance,84042,94077,178119,82.072266,91.87207,173.944336
10,n is the number of permission attributes,3,holder,vp_issuance,94077,84042,178119,91.87207,82.072266,173.944336
10,n is the number of permission attributes,3,verifier,vp_issuance,0,0,0,0.0,0.0,0.0
10,n is the number of permission attributes,3,RA,presentation_delivery,0,0,0,0.0,0.0,0.0
10,n is the number of permission attributes,3,ledger,presentation_delivery,0,0,0,0.0,0.0,0.0
10,n is the number of permission attributes,3,issuer,presentation_delivery,0,0,0,0.0,0.0,0.0
10,n is the number of permission attributes,3,holder,presentation_delivery,85269,996,86265,83.270508,0.972656,84.243164
10,n is the number of permission attributes,3,verifier,presentation_delivery,996,85269,86265,0.972656,83.270508,84.243164
