permission_count,operation,samples,median_ms,min_ms,max_ms,mean_ms,stdev_ms,p95_ms,timed_region
3,vector_commit,3,0.468875,0.461166,0.50325,0.47776366666666664,0.02240584879743083,0.50325,vector commit call for the fixed L=3-coordinate content vector
3,identified_vc_sign,3,336.58,332.460333,337.524792,335.5217083333333,2.6929857369604324,337.524792,abs_sign call on the prebuilt identified VC representative and installed issuer attributes
3,identified_vc_verify,3,330.8905,330.12175,331.514125,330.842125,0.6974468729766949,331.514125,HolderService.receive_vc call on a credential with a signature returned by the immediately preceding timed sign operation; validates opening and VC ABS signature and stores the opening
3,vp_request_create,3,12.25025,12.109542,12.281583,12.213791666666665,0.09163205755811304,12.281583,"HolderService.request_vp call; VC, opening, and target policy are already held"
3,vp_request_verify,3,15.525333,15.39275,15.568709,15.495597333333333,0.09167087773297139,15.568709,"vp_check_request call on a prebuilt request; source-record equality, transition, request proof, and issuer authorization are checked in both modes, while source-VC ABS verification is full-mode only"
3,vp_blind_sign,3,269.042792,268.977667,270.462625,269.49436133333336,0.8391729336354508,270.462625,abs_blind_sign call on a prechecked request; request verification is measured separately
3,vp_unblind_and_finalize,3,290.08275,289.333583,296.434042,291.95012499999996,3.901210907607919,296.434042,"HolderService.complete_vp call, including signature unblinding, signature refresh, and the final vector-opening proof"
3,anonymous_vp_verify,3,267.244875,267.144958,267.951417,267.4470833333333,0.43961367952139685,267.951417,"VerifierService.verify call on a prebuilt anonymous VP with independently supplied policy, epoch, and nonce"
5,vector_commit,3,0.48,0.463417,0.480417,0.47461133333333333,0.00969681887699945,0.480417,vector commit call for the fixed L=3-coordinate content vector
5,identified_vc_sign,3,459.998541,457.410041,460.254667,459.22108299999996,1.5736279662906394,460.254667,abs_sign call on the prebuilt identified VC representative and installed issuer attributes
5,identified_vc_verify,3,457.839167,457.467542,459.337125,458.2146113333333,0.989724195948737,459.337125,HolderService.receive_vc call on a credential with a signature returned by the immediately preceding timed sign operation; validates opening and VC ABS signature and stores the opening
5,vp_request_create,3,16.442791,16.3075,17.664333,16.804874666666667,0.7473803474284912,17.664333,"HolderService.request_vp call; VC, opening, and target policy are already held"
5,vp_request_verify,3,21.239833,21.175541,21.540208,21.318527333333332,0.19465380498806942,21.540208,"vp_check_request call on a prebuilt request; source-record equality, transition, request proof, and issuer authorization are checked in both modes, while source-VC ABS verification is full-mode only"
5,vp_blind_sign,3,396.558541,395.205208,396.852709,396.205486,0.8786641912693224,396.852709,abs_blind_sign call on a prechecked request; request verification is measured separately
5,vp_unblind_and_finalize,3,430.882584,426.979125,431.969292,429.943667,2.62423617870781,431.969292,"HolderService.complete_vp call, including signature unblinding, signature refresh, and the final vector-opening proof"
5,anonymous_vp_verify,3,400.841875,399.0855,402.716291,400.88122200000004,1.815715275374137,402.716291,"VerifierService.verify call on a prebuilt anonymous VP with independently supplied policy, epoch, and nonce"
10,vector_commit,3,0.466333,0.462583,0.494792,0.47456933333333334,0.01761342699003613,0.494792,vector commit call for the fixed L=3-coordinate content vector
10,identified_vc_sign,3,775.779083,775.508667,791.898292,781.062014,9.385465991266864,791.898292,abs_sign call on the prebuilt identified VC representative and installed issuer attributes
10,identified_vc_verify,3,804.398833,798.155917,819.889417,807.481389,11.189855637243559,819.889417,HolderService.receive_vc call on a credential with a signature returned by the immediately preceding timed sign operation; validates opening and VC ABS signature and stores the opening
10,vp_request_create,3,27.861166,27.749084,28.720042,28.110097333333332,0.5311920236386583,28.720042,"HolderService.request_vp call; VC, opening, and target policy are already held"
10,vp_request_verify,3,36.371291,36.22575,37.372625,36.65655533333333,0.6243895989767397,37.372625,"vp_check_request call on a prebuilt request; source-record equality, transition, request proof, and issuer authorization are checked in both modes, while source-VC ABS verification is full-mode only"
10,vp_blind_sign,3,729.12675,728.449041,744.015083,733.8636246666666,8.797948743441422,744.015083,abs_blind_sign call on a prechecked request; request verification is measured separately
10,vp_unblind_and_finalize,3,775.887958,771.933166,781.6725,776.4978746666667,4.89822982781507,781.6725,"HolderService.complete_vp call, including signature unblinding, signature refresh, and the final vector-opening proof"
10,anonymous_vp_verify,3,734.44675,733.346417,738.298125,735.363764,2.6001036587919293,738.298125,"VerifierService.verify call on a prebuilt anonymous VP with independently supplied policy, epoch, and nonce"
